{
  "id": "a5ed8c3e-b0ea-9272-89a9-45e2fe736661",
  "name": "OnBoarding Sample Integration",
  "values": [
    {
      "enabled": true,
      "key": "host",
      "value": "onboardinglinux-dev.identityx-cloud.com",
      "type": "text"
    },
    {
      "enabled": true,
      "key": "tenant",
      "value": "dobstestdomain",
      "type": "text"
    },
    {
      "enabled": true,
      "key": "userId",
      "value": "QTAzBkqURbxcfqTyX6Z2WRupRQ",
      "type": "text"
    },
    {
      "enabled": true,
      "key": "idCheckId",
      "value": "BYAU7c1xefryGPvEGrlguQ",
      "type": "text"
    },
    {
      "enabled": true,
      "key": "doc1_id",
      "value": "SshWo9FVOBJwJdpEBTr0fg",
      "type": "text"
    },
    {
      "enabled": true,
      "key": "doc2_id",
      "value": "BWgNPSu-rQWh85Huf6FKnA",
      "type": "text"
    },
    {
      "enabled": true,
      "key": "samplePolicy",
      "value": "SampleEvalPolicy",
      "type": "text"
    }
  ],
  "timestamp": 1523544268619,
  "_postman_variable_scope": "environment",
  "_postman_exported_at": "2018-04-12T14:45:28.396Z",
  "_postman_exported_using": "Postman/5.5.2"
}